Emo;Emo;Nada;Nada;Punk
Nada;Emo;Emo;Nada;Punk
Nada;Nada;Nada;Emo;Punk
Nada;Nada;Emo;Nada;Punk
Nada;Nada;Nada;Nada;Punk
Nada;Nada;Emo;Nada;Punk
Nada;Nada;Emo;Emo
Nada;Nada;Emo;Emo
Nada;Nada;Emo;Emo
Nada;Nada;Emo;Nada
Nada;Nada;Nada;Nada
Nada;Nada;Nada;Nada
Nada;Nada;Nada;Nada
Nada;Nada;Nada;Punk
Nada;Nada;Punk;Nada
Nada;Nada;Nada;Punk
Nada;Punk;Nada;Nada
Nada;Punk;Punk;Nada
Nada;Punk;Nada;Punk
Nada;Nada;Nada;Nada
Nada;Nada;Nada;Punk
Nada;Nada;Nada;Punk
Punk;Nada;Nada;Nada
Nada;Nada;Nada;Nada
Nada;Nada;Nada;Nada
Nada;Nada;Nada;Nada
Nada;Nada;Nada;Nada
Nada;Nada;Nada;Nada
Nada;Emo;Emo;Emo;Emo
Emo;Nada;Emo;Emo;Emo
Emo;Emo;Nada;Emo;Emo
Emo;Emo;Emo;Nada;Emo
Emo;Emo;Nada;Emo;Emo
Emo;Nada;Emo;Emo;Emo
Nada;Emo;Emo;Emo;Emo
Emo;Emo;Emo;Emo;Emo
Emo;Nada;Emo;Emo;Emo
Emo;Emo;Emo;Emo;Emo
Emo;Emo;Emo;Emo;Emo
Emo;Emo;Emo;Emo;Emo
Punk;Punk;Punk;Punk
Punk;Punk;Punk;Punk
Punk;Punk;Punk;Punk
Punk;Punk;Punk;Punk
Punk;Punk;Punk;Punk
Punk;Punk;Punk;Punk
Punk;Punk;Punk;Punk
Punk;Punk;Punk;Punk
Punk;Punk;Punk;Punk
Punk;Punk;Punk;Punk
Punk;Punk;Punk;Punk
Punk;Punk;Punk;Punk
Punk;Punk;Punk;Punk
Punk;Punk;Punk;Punk
Punk;Punk;Punk;Punk
Emo;Emo;Emo;Emo
Emo;Emo;Emo;Emo
Nada;Nada;Nada;Nada;Emo
Nada;Nada;Nada;Nada;Emo
Nada;Nada;Nada;Nada;Emo
Nada;Nada;Nada;Nada;Emo
Nada;Nada;Nada;Nada;Emo
Nada;Nada;Nada;Nada;Emo
Nada;Nada;Nada;Nada;Emo
Nada;Nada;Nada;Nada;Emo
Nada;Nada;Nada;Nada;Emo
Emo;Emo;Emo;Emo
Emo;Emo;Emo;Emo
Emo;Emo;Emo;Emo
Punk;Punk;Punk;Punk
Punk;Punk;Punk;Punk
Punk;Punk;Punk;Punk
Punk;Punk;Punk;Punk
Punk;Punk;Punk;Punk
Punk;Punk;Punk;Punk
Punk;Punk;Punk;Punk
Punk;Punk;Punk;Punk
Punk;Punk;Punk;Punk
Punk;Punk;Punk;Punk
Punk;Punk;Punk;Punk
Emo;Emo;Emo;Emo
Emo;Emo;Emo;Emo
Emo;Emo;Emo;Emo
Emo;Emo;Emo;Emo
Emo;Emo;Emo;Emo
Emo;Emo;Emo;Emo
Emo;Emo;Emo;Emo
Emo;Emo;Emo;Emo
Emo;Emo;Emo;Emo
Emo;Emo;Emo;Emo
Emo;Emo;Emo;Emo
Emo;Emo;Emo;Emo
Emo;Emo;Emo;Emo
Emo;Emo;Emo;Emo
Emo;Emo;Emo;Emo
Emo;Emo;Emo;Emo
Emo;Emo;Emo;Emo
Emo;Emo;Emo;Emo
Punk;Punk;Punk;Punk
Punk;Punk;Punk;Punk
Punk;Punk;Punk;Punk
Punk;Punk;Punk;Punk
Punk;Punk;Punk;Punk
Punk;Punk;Punk;Punk
Punk;Punk;Punk;Punk
Punk;Punk;Punk;Punk
Punk;Punk;Punk;Punk
Punk;Punk;Punk;Punk
Punk;Punk;Punk;Punk
Punk;Punk;Punk;Punk
